electric_grid_name,transformer_name,transformer_type,node_1_name,node_2_name,is_phase_1_connected,is_phase_2_connected,is_phase_3_connected,connection,apparent_power
singapore_geylang,66kV_1_1,singapore_transformer,0,1,1,0,0,wye-wye,75000000.0
singapore_geylang,66kV_1_2,singapore_transformer,0,1,1,0,0,wye-wye,75000000.0
singapore_geylang,66kV_2_1,singapore_transformer,0,2,1,0,0,wye-wye,75000000.0
singapore_geylang,66kV_3_1,singapore_transformer,0,3,1,0,0,wye-wye,75000000.0
singapore_geylang,66kV_4_1,singapore_transformer,0,4,1,0,0,wye-wye,75000000.0
singapore_geylang,22kV_1_1,singapore_transformer,1,1secondary,1,0,0,wye-wye,1000000.0
singapore_geylang,22kV_2_1,singapore_transformer,2,2secondary,1,0,0,wye-wye,1000000.0
singapore_geylang,22kV_3_1,singapore_transformer,3,3secondary,1,0,0,wye-wye,1000000.0
singapore_geylang,22kV_4_1,singapore_transformer,4,4secondary,1,0,0,wye-wye,1000000.0
singapore_geylang,22kV_5_1,singapore_transformer,5,5secondary,1,0,0,wye-wye,1000000.0
singapore_geylang,22kV_5_2,singapore_transformer,5,5secondary,1,0,0,wye-wye,1000000.0
singapore_geylang,22kV_5_3,singapore_transformer,5,5secondary,1,0,0,wye-wye,1000000.0
singapore_geylang,22kV_5_4,singapore_transformer,5,5secondary,1,0,0,wye-wye,1000000.0
singapore_geylang,22kV_6_1,singapore_transformer,6,6secondary,1,0,0,wye-wye,1000000.0
singapore_geylang,22kV_7_1,singapore_transformer,7,7secondary,1,0,0,wye-wye,1000000.0
singapore_geylang,22kV_7_2,singapore_transformer,7,7secondary,1,0,0,wye-wye,1000000.0
singapore_geylang,22kV_7_3,singapore_transformer,7,7secondary,1,0,0,wye-wye,1000000.0
singapore_geylang,22kV_7_4,singapore_transformer,7,7secondary,1,0,0,wye-wye,1000000.0
singapore_geylang,22kV_7_5,singapore_transformer,7,7secondary,1,0,0,wye-wye,1000000.0
singapore_geylang,22kV_8_1,singapore_transformer,8,8secondary,1,0,0,wye-wye,1000000.0
singapore_geylang,22kV_9_1,singapore_transformer,9,9secondary,1,0,0,wye-wye,1000000.0
singapore_geylang,22kV_10_1,singapore_transformer,10,10secondary,1,0,0,wye-wye,1000000.0
singapore_geylang,22kV_10_2,singapore_transformer,10,10secondary,1,0,0,wye-wye,1000000.0
singapore_geylang,22kV_10_3,singapore_transformer,10,10secondary,1,0,0,wye-wye,1000000.0
singapore_geylang,22kV_10_4,singapore_transformer,10,10secondary,1,0,0,wye-wye,1000000.0
singapore_geylang,22kV_10_5,singapore_transformer,10,10secondary,1,0,0,wye-wye,1000000.0
singapore_geylang,22kV_11_1,singapore_transformer,11,11secondary,1,0,0,wye-wye,1000000.0
singapore_geylang,22kV_11_2,singapore_transformer,11,11secondary,1,0,0,wye-wye,1000000.0
singapore_geylang,22kV_11_3,singapore_transformer,11,11secondary,1,0,0,wye-wye,1000000.0
singapore_geylang,22kV_11_4,singapore_transformer,11,11secondary,1,0,0,wye-wye,1000000.0
singapore_geylang,22kV_11_5,singapore_transformer,11,11secondary,1,0,0,wye-wye,1000000.0
singapore_geylang,22kV_12_1,singapore_transformer,12,12secondary,1,0,0,wye-wye,1000000.0
singapore_geylang,22kV_13_1,singapore_transformer,13,13secondary,1,0,0,wye-wye,1000000.0
singapore_geylang,22kV_14_1,singapore_transformer,14,14secondary,1,0,0,wye-wye,1000000.0
singapore_geylang,22kV_14_2,singapore_transformer,14,14secondary,1,0,0,wye-wye,1000000.0
singapore_geylang,22kV_14_3,singapore_transformer,14,14secondary,1,0,0,wye-wye,1000000.0
singapore_geylang,22kV_15_1,singapore_transformer,15,15secondary,1,0,0,wye-wye,1000000.0
singapore_geylang,22kV_15_2,singapore_transformer,15,15secondary,1,0,0,wye-wye,1000000.0
singapore_geylang,22kV_15_3,singapore_transformer,15,15secondary,1,0,0,wye-wye,1000000.0
singapore_geylang,22kV_16_1,singapore_transformer,16,16secondary,1,0,0,wye-wye,1000000.0
singapore_geylang,22kV_17_1,singapore_transformer,17,17secondary,1,0,0,wye-wye,1000000.0
singapore_geylang,22kV_18_1,singapore_transformer,18,18secondary,1,0,0,wye-wye,1000000.0
singapore_geylang,22kV_19_1,singapore_transformer,19,19secondary,1,0,0,wye-wye,1000000.0
singapore_geylang,22kV_20_1,singapore_transformer,20,20secondary,1,0,0,wye-wye,1000000.0
singapore_geylang,22kV_21_1,singapore_transformer,21,21secondary,1,0,0,wye-wye,1000000.0
singapore_geylang,22kV_22_1,singapore_transformer,22,22secondary,1,0,0,wye-wye,1000000.0
singapore_geylang,22kV_23_1,singapore_transformer,23,23secondary,1,0,0,wye-wye,1000000.0
singapore_geylang,22kV_24_1,singapore_transformer,24,24secondary,1,0,0,wye-wye,1000000.0
singapore_geylang,22kV_25_1,singapore_transformer,25,25secondary,1,0,0,wye-wye,1000000.0
singapore_geylang,22kV_26_1,singapore_transformer,26,26secondary,1,0,0,wye-wye,1000000.0
singapore_geylang,22kV_27_1,singapore_transformer,27,27secondary,1,0,0,wye-wye,1000000.0
singapore_geylang,22kV_28_1,singapore_transformer,28,28secondary,1,0,0,wye-wye,1000000.0
singapore_geylang,22kV_29_1,singapore_transformer,29,29secondary,1,0,0,wye-wye,1000000.0
singapore_geylang,22kV_30_1,singapore_transformer,30,30secondary,1,0,0,wye-wye,1000000.0
singapore_geylang,22kV_31_1,singapore_transformer,31,31secondary,1,0,0,wye-wye,1000000.0
singapore_geylang,22kV_32_1,singapore_transformer,32,32secondary,1,0,0,wye-wye,1000000.0
singapore_geylang,22kV_33_1,singapore_transformer,33,33secondary,1,0,0,wye-wye,1000000.0
singapore_geylang,22kV_34_1,singapore_transformer,34,34secondary,1,0,0,wye-wye,1000000.0
singapore_geylang,22kV_35_1,singapore_transformer,35,35secondary,1,0,0,wye-wye,1000000.0
singapore_geylang,22kV_36_1,singapore_transformer,36,36secondary,1,0,0,wye-wye,1000000.0
singapore_geylang,22kV_37_1,singapore_transformer,37,37secondary,1,0,0,wye-wye,1000000.0
singapore_geylang,22kV_38_1,singapore_transformer,38,38secondary,1,0,0,wye-wye,1000000.0
singapore_geylang,22kV_39_1,singapore_transformer,39,39secondary,1,0,0,wye-wye,1000000.0
singapore_geylang,22kV_40_1,singapore_transformer,40,40secondary,1,0,0,wye-wye,1000000.0
singapore_geylang,22kV_41_1,singapore_transformer,41,41secondary,1,0,0,wye-wye,1000000.0
singapore_geylang,22kV_42_1,singapore_transformer,42,42secondary,1,0,0,wye-wye,1000000.0
singapore_geylang,22kV_43_1,singapore_transformer,43,43secondary,1,0,0,wye-wye,1000000.0
singapore_geylang,22kV_44_1,singapore_transformer,44,44secondary,1,0,0,wye-wye,1000000.0
singapore_geylang,22kV_45_1,singapore_transformer,45,45secondary,1,0,0,wye-wye,1000000.0
singapore_geylang,22kV_46_1,singapore_transformer,46,46secondary,1,0,0,wye-wye,1000000.0
singapore_geylang,22kV_47_1,singapore_transformer,47,47secondary,1,0,0,wye-wye,1000000.0
singapore_geylang,22kV_48_1,singapore_transformer,48,48secondary,1,0,0,wye-wye,1000000.0
singapore_geylang,22kV_49_1,singapore_transformer,49,49secondary,1,0,0,wye-wye,1000000.0
singapore_geylang,22kV_50_1,singapore_transformer,50,50secondary,1,0,0,wye-wye,1000000.0
singapore_geylang,22kV_51_1,singapore_transformer,51,51secondary,1,0,0,wye-wye,1000000.0
singapore_geylang,22kV_52_1,singapore_transformer,52,52secondary,1,0,0,wye-wye,1000000.0
singapore_geylang,22kV_53_1,singapore_transformer,53,53secondary,1,0,0,wye-wye,1000000.0
singapore_geylang,22kV_54_1,singapore_transformer,54,54secondary,1,0,0,wye-wye,1000000.0
singapore_geylang,22kV_55_1,singapore_transformer,55,55secondary,1,0,0,wye-wye,1000000.0
singapore_geylang,22kV_56_1,singapore_transformer,56,56secondary,1,0,0,wye-wye,1000000.0
singapore_geylang,22kV_57_1,singapore_transformer,57,57secondary,1,0,0,wye-wye,1000000.0
singapore_geylang,22kV_58_1,singapore_transformer,58,58secondary,1,0,0,wye-wye,1000000.0
singapore_geylang,22kV_59_1,singapore_transformer,59,59secondary,1,0,0,wye-wye,1000000.0
singapore_geylang,22kV_60_1,singapore_transformer,60,60secondary,1,0,0,wye-wye,1000000.0
singapore_geylang,22kV_61_1,singapore_transformer,61,61secondary,1,0,0,wye-wye,1000000.0
singapore_geylang,22kV_62_1,singapore_transformer,62,62secondary,1,0,0,wye-wye,1000000.0
singapore_geylang,22kV_63_1,singapore_transformer,63,63secondary,1,0,0,wye-wye,1000000.0
singapore_geylang,22kV_64_1,singapore_transformer,64,64secondary,1,0,0,wye-wye,1000000.0
singapore_geylang,22kV_65_1,singapore_transformer,65,65secondary,1,0,0,wye-wye,1000000.0
singapore_geylang,22kV_66_1,singapore_transformer,66,66secondary,1,0,0,wye-wye,1000000.0
singapore_geylang,22kV_67_1,singapore_transformer,67,67secondary,1,0,0,wye-wye,1000000.0
singapore_geylang,22kV_68_1,singapore_transformer,68,68secondary,1,0,0,wye-wye,1000000.0
singapore_geylang,22kV_69_1,singapore_transformer,69,69secondary,1,0,0,wye-wye,1000000.0
singapore_geylang,22kV_70_1,singapore_transformer,70,70secondary,1,0,0,wye-wye,1000000.0
singapore_geylang,22kV_71_1,singapore_transformer,71,71secondary,1,0,0,wye-wye,1000000.0
singapore_geylang,22kV_72_1,singapore_transformer,72,72secondary,1,0,0,wye-wye,1000000.0
singapore_geylang,22kV_73_1,singapore_transformer,73,73secondary,1,0,0,wye-wye,1000000.0
singapore_geylang,22kV_74_1,singapore_transformer,74,74secondary,1,0,0,wye-wye,1000000.0
singapore_geylang,22kV_74_2,singapore_transformer,74,74secondary,1,0,0,wye-wye,1000000.0
singapore_geylang,22kV_74_3,singapore_transformer,74,74secondary,1,0,0,wye-wye,1000000.0
singapore_geylang,22kV_74_4,singapore_transformer,74,74secondary,1,0,0,wye-wye,1000000.0
singapore_geylang,22kV_74_5,singapore_transformer,74,74secondary,1,0,0,wye-wye,1000000.0
singapore_geylang,22kV_75_1,singapore_transformer,75,75secondary,1,0,0,wye-wye,1000000.0
singapore_geylang,22kV_76_1,singapore_transformer,76,76secondary,1,0,0,wye-wye,1000000.0
singapore_geylang,22kV_76_2,singapore_transformer,76,76secondary,1,0,0,wye-wye,1000000.0
singapore_geylang,22kV_76_3,singapore_transformer,76,76secondary,1,0,0,wye-wye,1000000.0
singapore_geylang,22kV_76_4,singapore_transformer,76,76secondary,1,0,0,wye-wye,1000000.0
singapore_geylang,22kV_76_5,singapore_transformer,76,76secondary,1,0,0,wye-wye,1000000.0
singapore_geylang,22kV_76_6,singapore_transformer,76,76secondary,1,0,0,wye-wye,1000000.0
singapore_geylang,22kV_77_1,singapore_transformer,77,77secondary,1,0,0,wye-wye,1000000.0
singapore_geylang,22kV_78_1,singapore_transformer,78,78secondary,1,0,0,wye-wye,1000000.0
singapore_geylang,22kV_79_1,singapore_transformer,79,79secondary,1,0,0,wye-wye,1000000.0
singapore_geylang,22kV_80_1,singapore_transformer,80,80secondary,1,0,0,wye-wye,1000000.0
singapore_geylang,22kV_80_2,singapore_transformer,80,80secondary,1,0,0,wye-wye,1000000.0
singapore_geylang,22kV_80_3,singapore_transformer,80,80secondary,1,0,0,wye-wye,1000000.0
singapore_geylang,22kV_80_4,singapore_transformer,80,80secondary,1,0,0,wye-wye,1000000.0
singapore_geylang,22kV_80_5,singapore_transformer,80,80secondary,1,0,0,wye-wye,1000000.0
singapore_geylang,22kV_81_1,singapore_transformer,81,81secondary,1,0,0,wye-wye,1000000.0
singapore_geylang,22kV_81_2,singapore_transformer,81,81secondary,1,0,0,wye-wye,1000000.0
singapore_geylang,22kV_81_3,singapore_transformer,81,81secondary,1,0,0,wye-wye,1000000.0
singapore_geylang,22kV_81_4,singapore_transformer,81,81secondary,1,0,0,wye-wye,1000000.0
singapore_geylang,22kV_81_5,singapore_transformer,81,81secondary,1,0,0,wye-wye,1000000.0
singapore_geylang,22kV_82_1,singapore_transformer,82,82secondary,1,0,0,wye-wye,1000000.0
singapore_geylang,22kV_82_2,singapore_transformer,82,82secondary,1,0,0,wye-wye,1000000.0
singapore_geylang,22kV_82_3,singapore_transformer,82,82secondary,1,0,0,wye-wye,1000000.0
singapore_geylang,22kV_82_4,singapore_transformer,82,82secondary,1,0,0,wye-wye,1000000.0
singapore_geylang,22kV_82_5,singapore_transformer,82,82secondary,1,0,0,wye-wye,1000000.0
singapore_geylang,22kV_83_1,singapore_transformer,83,83secondary,1,0,0,wye-wye,1000000.0
singapore_geylang,22kV_83_2,singapore_transformer,83,83secondary,1,0,0,wye-wye,1000000.0
singapore_geylang,22kV_83_3,singapore_transformer,83,83secondary,1,0,0,wye-wye,1000000.0
singapore_geylang,22kV_83_4,singapore_transformer,83,83secondary,1,0,0,wye-wye,1000000.0
singapore_geylang,22kV_83_5,singapore_transformer,83,83secondary,1,0,0,wye-wye,1000000.0
singapore_geylang,22kV_84_1,singapore_transformer,84,84secondary,1,0,0,wye-wye,1000000.0
singapore_geylang,22kV_84_2,singapore_transformer,84,84secondary,1,0,0,wye-wye,1000000.0
singapore_geylang,22kV_85_1,singapore_transformer,85,85secondary,1,0,0,wye-wye,1000000.0
singapore_geylang,22kV_85_2,singapore_transformer,85,85secondary,1,0,0,wye-wye,1000000.0
singapore_geylang,22kV_86_1,singapore_transformer,86,86secondary,1,0,0,wye-wye,1000000.0
singapore_geylang,22kV_86_2,singapore_transformer,86,86secondary,1,0,0,wye-wye,1000000.0
singapore_geylang,22kV_86_3,singapore_transformer,86,86secondary,1,0,0,wye-wye,1000000.0
singapore_geylang,22kV_86_4,singapore_transformer,86,86secondary,1,0,0,wye-wye,1000000.0
singapore_geylang,22kV_87_1,singapore_transformer,87,87secondary,1,0,0,wye-wye,1000000.0
singapore_geylang,22kV_88_1,singapore_transformer,88,88secondary,1,0,0,wye-wye,1000000.0
singapore_geylang,22kV_89_1,singapore_transformer,89,89secondary,1,0,0,wye-wye,1000000.0
singapore_geylang,22kV_90_1,singapore_transformer,90,90secondary,1,0,0,wye-wye,1000000.0
singapore_geylang,22kV_91_1,singapore_transformer,91,91secondary,1,0,0,wye-wye,1000000.0
singapore_geylang,22kV_92_1,singapore_transformer,92,92secondary,1,0,0,wye-wye,1000000.0
singapore_geylang,22kV_92_2,singapore_transformer,92,92secondary,1,0,0,wye-wye,1000000.0
singapore_geylang,22kV_92_3,singapore_transformer,92,92secondary,1,0,0,wye-wye,1000000.0
singapore_geylang,22kV_92_4,singapore_transformer,92,92secondary,1,0,0,wye-wye,1000000.0
singapore_geylang,22kV_92_5,singapore_transformer,92,92secondary,1,0,0,wye-wye,1000000.0
singapore_geylang,22kV_92_6,singapore_transformer,92,92secondary,1,0,0,wye-wye,1000000.0
singapore_geylang,22kV_93_1,singapore_transformer,93,93secondary,1,0,0,wye-wye,1000000.0
singapore_geylang,22kV_93_2,singapore_transformer,93,93secondary,1,0,0,wye-wye,1000000.0
singapore_geylang,22kV_93_3,singapore_transformer,93,93secondary,1,0,0,wye-wye,1000000.0
singapore_geylang,22kV_93_4,singapore_transformer,93,93secondary,1,0,0,wye-wye,1000000.0
singapore_geylang,22kV_93_5,singapore_transformer,93,93secondary,1,0,0,wye-wye,1000000.0
singapore_geylang,22kV_93_6,singapore_transformer,93,93secondary,1,0,0,wye-wye,1000000.0
singapore_geylang,22kV_94_1,singapore_transformer,94,94secondary,1,0,0,wye-wye,1000000.0
singapore_geylang,22kV_95_1,singapore_transformer,95,95secondary,1,0,0,wye-wye,1000000.0
singapore_geylang,22kV_96_1,singapore_transformer,96,96secondary,1,0,0,wye-wye,1000000.0
singapore_geylang,22kV_97_1,singapore_transformer,97,97secondary,1,0,0,wye-wye,1000000.0
singapore_geylang,22kV_98_1,singapore_transformer,98,98secondary,1,0,0,wye-wye,1000000.0
singapore_geylang,22kV_99_1,singapore_transformer,99,99secondary,1,0,0,wye-wye,1000000.0
singapore_geylang,22kV_100_1,singapore_transformer,100,100secondary,1,0,0,wye-wye,1000000.0
singapore_geylang,22kV_101_1,singapore_transformer,101,101secondary,1,0,0,wye-wye,1000000.0
singapore_geylang,22kV_102_1,singapore_transformer,102,102secondary,1,0,0,wye-wye,1000000.0
singapore_geylang,22kV_103_1,singapore_transformer,103,103secondary,1,0,0,wye-wye,1000000.0
singapore_geylang,22kV_104_1,singapore_transformer,104,104secondary,1,0,0,wye-wye,1000000.0
singapore_geylang,22kV_105_1,singapore_transformer,105,105secondary,1,0,0,wye-wye,1000000.0
singapore_geylang,22kV_106_1,singapore_transformer,106,106secondary,1,0,0,wye-wye,1000000.0
singapore_geylang,22kV_107_1,singapore_transformer,107,107secondary,1,0,0,wye-wye,1000000.0
singapore_geylang,22kV_108_1,singapore_transformer,108,108secondary,1,0,0,wye-wye,1000000.0
singapore_geylang,22kV_109_1,singapore_transformer,109,109secondary,1,0,0,wye-wye,1000000.0
singapore_geylang,22kV_110_1,singapore_transformer,110,110secondary,1,0,0,wye-wye,1000000.0
singapore_geylang,22kV_111_1,singapore_transformer,111,111secondary,1,0,0,wye-wye,1000000.0
singapore_geylang,22kV_112_1,singapore_transformer,112,112secondary,1,0,0,wye-wye,1000000.0
singapore_geylang,22kV_113_1,singapore_transformer,113,113secondary,1,0,0,wye-wye,1000000.0
singapore_geylang,22kV_113_2,singapore_transformer,113,113secondary,1,0,0,wye-wye,1000000.0
singapore_geylang,22kV_113_3,singapore_transformer,113,113secondary,1,0,0,wye-wye,1000000.0
singapore_geylang,22kV_113_4,singapore_transformer,113,113secondary,1,0,0,wye-wye,1000000.0
singapore_geylang,22kV_113_5,singapore_transformer,113,113secondary,1,0,0,wye-wye,1000000.0
singapore_geylang,22kV_113_6,singapore_transformer,113,113secondary,1,0,0,wye-wye,1000000.0
singapore_geylang,22kV_114_1,singapore_transformer,114,114secondary,1,0,0,wye-wye,1000000.0
singapore_geylang,22kV_115_1,singapore_transformer,115,115secondary,1,0,0,wye-wye,1000000.0
singapore_geylang,22kV_116_1,singapore_transformer,116,116secondary,1,0,0,wye-wye,1000000.0
singapore_geylang,22kV_117_1,singapore_transformer,117,117secondary,1,0,0,wye-wye,1000000.0
singapore_geylang,22kV_118_1,singapore_transformer,118,118secondary,1,0,0,wye-wye,1000000.0
singapore_geylang,22kV_119_1,singapore_transformer,119,119secondary,1,0,0,wye-wye,1000000.0
singapore_geylang,22kV_120_1,singapore_transformer,120,120secondary,1,0,0,wye-wye,1000000.0
singapore_geylang,22kV_121_1,singapore_transformer,121,121secondary,1,0,0,wye-wye,1000000.0
singapore_geylang,22kV_122_1,singapore_transformer,122,122secondary,1,0,0,wye-wye,1000000.0
singapore_geylang,22kV_123_1,singapore_transformer,123,123secondary,1,0,0,wye-wye,1000000.0
singapore_geylang,22kV_124_1,singapore_transformer,124,124secondary,1,0,0,wye-wye,1000000.0
singapore_geylang,22kV_125_1,singapore_transformer,125,125secondary,1,0,0,wye-wye,1000000.0
singapore_geylang,22kV_126_1,singapore_transformer,126,126secondary,1,0,0,wye-wye,1000000.0
singapore_geylang,22kV_127_1,singapore_transformer,127,127secondary,1,0,0,wye-wye,1000000.0
singapore_geylang,22kV_128_1,singapore_transformer,128,128secondary,1,0,0,wye-wye,1000000.0
singapore_geylang,22kV_129_1,singapore_transformer,129,129secondary,1,0,0,wye-wye,1000000.0
singapore_geylang,22kV_130_1,singapore_transformer,130,130secondary,1,0,0,wye-wye,1000000.0
singapore_geylang,22kV_131_1,singapore_transformer,131,131secondary,1,0,0,wye-wye,1000000.0
singapore_geylang,22kV_132_1,singapore_transformer,132,132secondary,1,0,0,wye-wye,1000000.0
singapore_geylang,22kV_132_2,singapore_transformer,132,132secondary,1,0,0,wye-wye,1000000.0
singapore_geylang,22kV_132_3,singapore_transformer,132,132secondary,1,0,0,wye-wye,1000000.0
singapore_geylang,22kV_132_4,singapore_transformer,132,132secondary,1,0,0,wye-wye,1000000.0
singapore_geylang,22kV_132_5,singapore_transformer,132,132secondary,1,0,0,wye-wye,1000000.0
singapore_geylang,22kV_132_6,singapore_transformer,132,132secondary,1,0,0,wye-wye,1000000.0
singapore_geylang,22kV_133_1,singapore_transformer,133,133secondary,1,0,0,wye-wye,1000000.0
singapore_geylang,22kV_133_2,singapore_transformer,133,133secondary,1,0,0,wye-wye,1000000.0
singapore_geylang,22kV_133_3,singapore_transformer,133,133secondary,1,0,0,wye-wye,1000000.0
singapore_geylang,22kV_133_4,singapore_transformer,133,133secondary,1,0,0,wye-wye,1000000.0
singapore_geylang,22kV_133_5,singapore_transformer,133,133secondary,1,0,0,wye-wye,1000000.0
singapore_geylang,22kV_133_6,singapore_transformer,133,133secondary,1,0,0,wye-wye,1000000.0
singapore_geylang,22kV_134_1,singapore_transformer,134,134secondary,1,0,0,wye-wye,1000000.0
singapore_geylang,22kV_134_2,singapore_transformer,134,134secondary,1,0,0,wye-wye,1000000.0
singapore_geylang,22kV_134_3,singapore_transformer,134,134secondary,1,0,0,wye-wye,1000000.0
singapore_geylang,22kV_134_4,singapore_transformer,134,134secondary,1,0,0,wye-wye,1000000.0
singapore_geylang,22kV_134_5,singapore_transformer,134,134secondary,1,0,0,wye-wye,1000000.0
singapore_geylang,22kV_135_1,singapore_transformer,135,135secondary,1,0,0,wye-wye,1000000.0
singapore_geylang,22kV_135_2,singapore_transformer,135,135secondary,1,0,0,wye-wye,1000000.0
singapore_geylang,22kV_135_3,singapore_transformer,135,135secondary,1,0,0,wye-wye,1000000.0
singapore_geylang,22kV_135_4,singapore_transformer,135,135secondary,1,0,0,wye-wye,1000000.0
singapore_geylang,22kV_135_5,singapore_transformer,135,135secondary,1,0,0,wye-wye,1000000.0
singapore_geylang,22kV_136_1,singapore_transformer,136,136secondary,1,0,0,wye-wye,1000000.0
singapore_geylang,22kV_137_1,singapore_transformer,137,137secondary,1,0,0,wye-wye,1000000.0
singapore_geylang,22kV_138_1,singapore_transformer,138,138secondary,1,0,0,wye-wye,1000000.0
singapore_geylang,22kV_139_1,singapore_transformer,139,139secondary,1,0,0,wye-wye,1000000.0
singapore_geylang,22kV_140_1,singapore_transformer,140,140secondary,1,0,0,wye-wye,1000000.0
singapore_geylang,22kV_141_1,singapore_transformer,141,141secondary,1,0,0,wye-wye,1000000.0
singapore_geylang,22kV_142_1,singapore_transformer,142,142secondary,1,0,0,wye-wye,1000000.0
singapore_geylang,22kV_143_1,singapore_transformer,143,143secondary,1,0,0,wye-wye,1000000.0
singapore_geylang,22kV_144_1,singapore_transformer,144,144secondary,1,0,0,wye-wye,1000000.0
singapore_geylang,22kV_145_1,singapore_transformer,145,145secondary,1,0,0,wye-wye,1000000.0
singapore_geylang,22kV_146_1,singapore_transformer,146,146secondary,1,0,0,wye-wye,1000000.0
singapore_geylang,22kV_147_1,singapore_transformer,147,147secondary,1,0,0,wye-wye,1000000.0
singapore_geylang,22kV_148_1,singapore_transformer,148,148secondary,1,0,0,wye-wye,1000000.0
singapore_geylang,22kV_149_1,singapore_transformer,149,149secondary,1,0,0,wye-wye,1000000.0
singapore_geylang,22kV_150_1,singapore_transformer,150,150secondary,1,0,0,wye-wye,1000000.0
singapore_geylang,22kV_151_1,singapore_transformer,151,151secondary,1,0,0,wye-wye,1000000.0
singapore_geylang,22kV_152_1,singapore_transformer,152,152secondary,1,0,0,wye-wye,1000000.0
singapore_geylang,22kV_153_1,singapore_transformer,153,153secondary,1,0,0,wye-wye,1000000.0
singapore_geylang,22kV_154_1,singapore_transformer,154,154secondary,1,0,0,wye-wye,1000000.0
singapore_geylang,22kV_155_1,singapore_transformer,155,155secondary,1,0,0,wye-wye,1000000.0
singapore_geylang,22kV_156_1,singapore_transformer,156,156secondary,1,0,0,wye-wye,1000000.0
singapore_geylang,22kV_157_1,singapore_transformer,157,157secondary,1,0,0,wye-wye,1000000.0
singapore_geylang,22kV_158_1,singapore_transformer,158,158secondary,1,0,0,wye-wye,1000000.0
singapore_geylang,22kV_159_1,singapore_transformer,159,159secondary,1,0,0,wye-wye,1000000.0
singapore_geylang,22kV_160_1,singapore_transformer,160,160secondary,1,0,0,wye-wye,1000000.0
singapore_geylang,22kV_161_1,singapore_transformer,161,161secondary,1,0,0,wye-wye,1000000.0
singapore_geylang,22kV_162_1,singapore_transformer,162,162secondary,1,0,0,wye-wye,1000000.0
singapore_geylang,22kV_163_1,singapore_transformer,163,163secondary,1,0,0,wye-wye,1000000.0
singapore_geylang,22kV_164_1,singapore_transformer,164,164secondary,1,0,0,wye-wye,1000000.0
singapore_geylang,22kV_165_1,singapore_transformer,165,165secondary,1,0,0,wye-wye,1000000.0
singapore_geylang,22kV_166_1,singapore_transformer,166,166secondary,1,0,0,wye-wye,1000000.0
singapore_geylang,22kV_167_1,singapore_transformer,167,167secondary,1,0,0,wye-wye,1000000.0
singapore_geylang,22kV_168_1,singapore_transformer,168,168secondary,1,0,0,wye-wye,1000000.0
singapore_geylang,22kV_169_1,singapore_transformer,169,169secondary,1,0,0,wye-wye,1000000.0
singapore_geylang,22kV_170_1,singapore_transformer,170,170secondary,1,0,0,wye-wye,1000000.0
singapore_geylang,22kV_171_1,singapore_transformer,171,171secondary,1,0,0,wye-wye,1000000.0
singapore_geylang,22kV_172_1,singapore_transformer,172,172secondary,1,0,0,wye-wye,1000000.0
singapore_geylang,22kV_173_1,singapore_transformer,173,173secondary,1,0,0,wye-wye,1000000.0
singapore_geylang,22kV_174_1,singapore_transformer,174,174secondary,1,0,0,wye-wye,1000000.0
singapore_geylang,22kV_175_1,singapore_transformer,175,175secondary,1,0,0,wye-wye,1000000.0
singapore_geylang,22kV_176_1,singapore_transformer,176,176secondary,1,0,0,wye-wye,1000000.0
singapore_geylang,22kV_177_1,singapore_transformer,177,177secondary,1,0,0,wye-wye,1000000.0
singapore_geylang,22kV_178_1,singapore_transformer,178,178secondary,1,0,0,wye-wye,1000000.0
singapore_geylang,22kV_179_1,singapore_transformer,179,179secondary,1,0,0,wye-wye,1000000.0
singapore_geylang,22kV_180_1,singapore_transformer,180,180secondary,1,0,0,wye-wye,1000000.0
singapore_geylang,22kV_181_1,singapore_transformer,181,181secondary,1,0,0,wye-wye,1000000.0
singapore_geylang,22kV_182_1,singapore_transformer,182,182secondary,1,0,0,wye-wye,1000000.0
singapore_geylang,22kV_183_1,singapore_transformer,183,183secondary,1,0,0,wye-wye,1000000.0
singapore_geylang,22kV_184_1,singapore_transformer,184,184secondary,1,0,0,wye-wye,1000000.0
singapore_geylang,22kV_185_1,singapore_transformer,185,185secondary,1,0,0,wye-wye,1000000.0
singapore_geylang,22kV_186_1,singapore_transformer,186,186secondary,1,0,0,wye-wye,1000000.0
singapore_geylang,22kV_187_1,singapore_transformer,187,187secondary,1,0,0,wye-wye,1000000.0
singapore_geylang,22kV_188_1,singapore_transformer,188,188secondary,1,0,0,wye-wye,1000000.0
singapore_geylang,22kV_189_1,singapore_transformer,189,189secondary,1,0,0,wye-wye,1000000.0
singapore_geylang,22kV_190_1,singapore_transformer,190,190secondary,1,0,0,wye-wye,1000000.0
singapore_geylang,22kV_191_1,singapore_transformer,191,191secondary,1,0,0,wye-wye,1000000.0
singapore_geylang,22kV_192_1,singapore_transformer,192,192secondary,1,0,0,wye-wye,1000000.0
singapore_geylang,22kV_193_1,singapore_transformer,193,193secondary,1,0,0,wye-wye,1000000.0
singapore_geylang,22kV_194_1,singapore_transformer,194,194secondary,1,0,0,wye-wye,1000000.0
singapore_geylang,22kV_195_1,singapore_transformer,195,195secondary,1,0,0,wye-wye,1000000.0
singapore_geylang,22kV_196_1,singapore_transformer,196,196secondary,1,0,0,wye-wye,1000000.0
singapore_geylang,22kV_197_1,singapore_transformer,197,197secondary,1,0,0,wye-wye,1000000.0
singapore_geylang,22kV_198_1,singapore_transformer,198,198secondary,1,0,0,wye-wye,1000000.0
singapore_geylang,22kV_199_1,singapore_transformer,199,199secondary,1,0,0,wye-wye,1000000.0
singapore_geylang,22kV_200_1,singapore_transformer,200,200secondary,1,0,0,wye-wye,1000000.0
singapore_geylang,22kV_201_1,singapore_transformer,201,201secondary,1,0,0,wye-wye,1000000.0
singapore_geylang,22kV_202_1,singapore_transformer,202,202secondary,1,0,0,wye-wye,1000000.0
singapore_geylang,22kV_203_1,singapore_transformer,203,203secondary,1,0,0,wye-wye,1000000.0
singapore_geylang,22kV_204_1,singapore_transformer,204,204secondary,1,0,0,wye-wye,1000000.0
singapore_geylang,22kV_205_1,singapore_transformer,205,205secondary,1,0,0,wye-wye,1000000.0
singapore_geylang,22kV_205_2,singapore_transformer,205,205secondary,1,0,0,wye-wye,1000000.0
singapore_geylang,22kV_205_3,singapore_transformer,205,205secondary,1,0,0,wye-wye,1000000.0
singapore_geylang,22kV_205_4,singapore_transformer,205,205secondary,1,0,0,wye-wye,1000000.0
singapore_geylang,22kV_205_5,singapore_transformer,205,205secondary,1,0,0,wye-wye,1000000.0
singapore_geylang,22kV_206_1,singapore_transformer,206,206secondary,1,0,0,wye-wye,1000000.0
singapore_geylang,22kV_206_2,singapore_transformer,206,206secondary,1,0,0,wye-wye,1000000.0
singapore_geylang,22kV_206_3,singapore_transformer,206,206secondary,1,0,0,wye-wye,1000000.0
singapore_geylang,22kV_206_4,singapore_transformer,206,206secondary,1,0,0,wye-wye,1000000.0
singapore_geylang,22kV_206_5,singapore_transformer,206,206secondary,1,0,0,wye-wye,1000000.0
singapore_geylang,22kV_207_1,singapore_transformer,207,207secondary,1,0,0,wye-wye,1000000.0
singapore_geylang,22kV_207_2,singapore_transformer,207,207secondary,1,0,0,wye-wye,1000000.0
singapore_geylang,22kV_208_1,singapore_transformer,208,208secondary,1,0,0,wye-wye,1000000.0
singapore_geylang,22kV_208_2,singapore_transformer,208,208secondary,1,0,0,wye-wye,1000000.0
singapore_geylang,22kV_208_3,singapore_transformer,208,208secondary,1,0,0,wye-wye,1000000.0
singapore_geylang,22kV_208_4,singapore_transformer,208,208secondary,1,0,0,wye-wye,1000000.0
singapore_geylang,22kV_208_5,singapore_transformer,208,208secondary,1,0,0,wye-wye,1000000.0
singapore_geylang,22kV_208_6,singapore_transformer,208,208secondary,1,0,0,wye-wye,1000000.0
singapore_geylang,22kV_209_1,singapore_transformer,209,209secondary,1,0,0,wye-wye,1000000.0
singapore_geylang,22kV_210_1,singapore_transformer,210,210secondary,1,0,0,wye-wye,1000000.0
singapore_geylang,22kV_210_2,singapore_transformer,210,210secondary,1,0,0,wye-wye,1000000.0
singapore_geylang,22kV_210_3,singapore_transformer,210,210secondary,1,0,0,wye-wye,1000000.0
singapore_geylang,22kV_210_4,singapore_transformer,210,210secondary,1,0,0,wye-wye,1000000.0
singapore_geylang,22kV_210_5,singapore_transformer,210,210secondary,1,0,0,wye-wye,1000000.0
singapore_geylang,22kV_211_1,singapore_transformer,211,211secondary,1,0,0,wye-wye,1000000.0
singapore_geylang,22kV_212_1,singapore_transformer,212,212secondary,1,0,0,wye-wye,1000000.0
singapore_geylang,22kV_213_1,singapore_transformer,213,213secondary,1,0,0,wye-wye,1000000.0
singapore_geylang,22kV_214_1,singapore_transformer,214,214secondary,1,0,0,wye-wye,1000000.0
singapore_geylang,22kV_215_1,singapore_transformer,215,215secondary,1,0,0,wye-wye,1000000.0
singapore_geylang,22kV_216_1,singapore_transformer,216,216secondary,1,0,0,wye-wye,1000000.0
singapore_geylang,22kV_217_1,singapore_transformer,217,217secondary,1,0,0,wye-wye,1000000.0
singapore_geylang,22kV_218_1,singapore_transformer,218,218secondary,1,0,0,wye-wye,1000000.0
singapore_geylang,22kV_219_1,singapore_transformer,219,219secondary,1,0,0,wye-wye,1000000.0
singapore_geylang,22kV_220_1,singapore_transformer,220,220secondary,1,0,0,wye-wye,1000000.0
singapore_geylang,22kV_221_1,singapore_transformer,221,221secondary,1,0,0,wye-wye,1000000.0
singapore_geylang,22kV_222_1,singapore_transformer,222,222secondary,1,0,0,wye-wye,1000000.0
singapore_geylang,22kV_223_1,singapore_transformer,223,223secondary,1,0,0,wye-wye,1000000.0
singapore_geylang,22kV_224_1,singapore_transformer,224,224secondary,1,0,0,wye-wye,1000000.0
singapore_geylang,22kV_225_1,singapore_transformer,225,225secondary,1,0,0,wye-wye,1000000.0
singapore_geylang,22kV_226_1,singapore_transformer,226,226secondary,1,0,0,wye-wye,1000000.0
singapore_geylang,22kV_227_1,singapore_transformer,227,227secondary,1,0,0,wye-wye,1000000.0
singapore_geylang,22kV_228_1,singapore_transformer,228,228secondary,1,0,0,wye-wye,1000000.0
singapore_geylang,22kV_229_1,singapore_transformer,229,229secondary,1,0,0,wye-wye,1000000.0
singapore_geylang,22kV_230_1,singapore_transformer,230,230secondary,1,0,0,wye-wye,1000000.0
singapore_geylang,22kV_231_1,singapore_transformer,231,231secondary,1,0,0,wye-wye,1000000.0
singapore_geylang,22kV_232_1,singapore_transformer,232,232secondary,1,0,0,wye-wye,1000000.0
singapore_geylang,22kV_233_1,singapore_transformer,233,233secondary,1,0,0,wye-wye,1000000.0
singapore_geylang,22kV_234_1,singapore_transformer,234,234secondary,1,0,0,wye-wye,1000000.0
singapore_geylang,22kV_235_1,singapore_transformer,235,235secondary,1,0,0,wye-wye,1000000.0
singapore_geylang,22kV_236_1,singapore_transformer,236,236secondary,1,0,0,wye-wye,1000000.0
singapore_geylang,22kV_237_1,singapore_transformer,237,237secondary,1,0,0,wye-wye,1000000.0
singapore_geylang,22kV_238_1,singapore_transformer,238,238secondary,1,0,0,wye-wye,1000000.0
singapore_geylang,22kV_239_1,singapore_transformer,239,239secondary,1,0,0,wye-wye,1000000.0
singapore_geylang,22kV_240_1,singapore_transformer,240,240secondary,1,0,0,wye-wye,1000000.0
singapore_geylang,22kV_241_1,singapore_transformer,241,241secondary,1,0,0,wye-wye,1000000.0
singapore_geylang,22kV_242_1,singapore_transformer,242,242secondary,1,0,0,wye-wye,1000000.0
singapore_geylang,22kV_243_1,singapore_transformer,243,243secondary,1,0,0,wye-wye,1000000.0
singapore_geylang,22kV_244_1,singapore_transformer,244,244secondary,1,0,0,wye-wye,1000000.0
singapore_geylang,22kV_245_1,singapore_transformer,245,245secondary,1,0,0,wye-wye,1000000.0
singapore_geylang,22kV_246_1,singapore_transformer,246,246secondary,1,0,0,wye-wye,1000000.0
singapore_geylang,22kV_247_1,singapore_transformer,247,247secondary,1,0,0,wye-wye,1000000.0
singapore_geylang,22kV_248_1,singapore_transformer,248,248secondary,1,0,0,wye-wye,1000000.0
singapore_geylang,22kV_249_1,singapore_transformer,249,249secondary,1,0,0,wye-wye,1000000.0
singapore_geylang,22kV_250_1,singapore_transformer,250,250secondary,1,0,0,wye-wye,1000000.0
singapore_geylang,22kV_251_1,singapore_transformer,251,251secondary,1,0,0,wye-wye,1000000.0
singapore_geylang,22kV_252_1,singapore_transformer,252,252secondary,1,0,0,wye-wye,1000000.0
singapore_geylang,22kV_253_1,singapore_transformer,253,253secondary,1,0,0,wye-wye,1000000.0
singapore_geylang,22kV_254_1,singapore_transformer,254,254secondary,1,0,0,wye-wye,1000000.0
singapore_geylang,22kV_255_1,singapore_transformer,255,255secondary,1,0,0,wye-wye,1000000.0
singapore_geylang,22kV_256_1,singapore_transformer,256,256secondary,1,0,0,wye-wye,1000000.0
singapore_geylang,22kV_257_1,singapore_transformer,257,257secondary,1,0,0,wye-wye,1000000.0
singapore_geylang,22kV_258_1,singapore_transformer,258,258secondary,1,0,0,wye-wye,1000000.0
singapore_geylang,22kV_259_1,singapore_transformer,259,259secondary,1,0,0,wye-wye,1000000.0
singapore_geylang,22kV_260_1,singapore_transformer,260,260secondary,1,0,0,wye-wye,1000000.0
singapore_geylang,22kV_261_1,singapore_transformer,261,261secondary,1,0,0,wye-wye,1000000.0
singapore_geylang,22kV_262_1,singapore_transformer,262,262secondary,1,0,0,wye-wye,1000000.0
singapore_geylang,22kV_263_1,singapore_transformer,263,263secondary,1,0,0,wye-wye,1000000.0
singapore_geylang,22kV_264_1,singapore_transformer,264,264secondary,1,0,0,wye-wye,1000000.0
singapore_geylang,22kV_265_1,singapore_transformer,265,265secondary,1,0,0,wye-wye,1000000.0
singapore_geylang,22kV_266_1,singapore_transformer,266,266secondary,1,0,0,wye-wye,1000000.0
singapore_geylang,22kV_267_1,singapore_transformer,267,267secondary,1,0,0,wye-wye,1000000.0
singapore_geylang,22kV_268_1,singapore_transformer,268,268secondary,1,0,0,wye-wye,1000000.0
singapore_geylang,22kV_269_1,singapore_transformer,269,269secondary,1,0,0,wye-wye,1000000.0
singapore_geylang,22kV_270_1,singapore_transformer,270,270secondary,1,0,0,wye-wye,1000000.0
singapore_geylang,22kV_270_2,singapore_transformer,270,270secondary,1,0,0,wye-wye,1000000.0
singapore_geylang,22kV_270_3,singapore_transformer,270,270secondary,1,0,0,wye-wye,1000000.0
singapore_geylang,22kV_270_4,singapore_transformer,270,270secondary,1,0,0,wye-wye,1000000.0
singapore_geylang,22kV_270_5,singapore_transformer,270,270secondary,1,0,0,wye-wye,1000000.0
singapore_geylang,22kV_271_1,singapore_transformer,271,271secondary,1,0,0,wye-wye,1000000.0
singapore_geylang,22kV_272_1,singapore_transformer,272,272secondary,1,0,0,wye-wye,1000000.0
singapore_geylang,22kV_273_1,singapore_transformer,273,273secondary,1,0,0,wye-wye,1000000.0
singapore_geylang,22kV_274_1,singapore_transformer,274,274secondary,1,0,0,wye-wye,1000000.0
singapore_geylang,22kV_275_1,singapore_transformer,275,275secondary,1,0,0,wye-wye,1000000.0
singapore_geylang,22kV_276_1,singapore_transformer,276,276secondary,1,0,0,wye-wye,1000000.0
singapore_geylang,22kV_277_1,singapore_transformer,277,277secondary,1,0,0,wye-wye,1000000.0
singapore_geylang,22kV_278_1,singapore_transformer,278,278secondary,1,0,0,wye-wye,1000000.0
singapore_geylang,22kV_279_1,singapore_transformer,279,279secondary,1,0,0,wye-wye,1000000.0
singapore_geylang,22kV_279_2,singapore_transformer,279,279secondary,1,0,0,wye-wye,1000000.0
singapore_geylang,22kV_279_3,singapore_transformer,279,279secondary,1,0,0,wye-wye,1000000.0
singapore_geylang,22kV_279_4,singapore_transformer,279,279secondary,1,0,0,wye-wye,1000000.0
singapore_geylang,22kV_279_5,singapore_transformer,279,279secondary,1,0,0,wye-wye,1000000.0
singapore_geylang,22kV_280_1,singapore_transformer,280,280secondary,1,0,0,wye-wye,1000000.0
singapore_geylang,22kV_280_2,singapore_transformer,280,280secondary,1,0,0,wye-wye,1000000.0
singapore_geylang,22kV_280_3,singapore_transformer,280,280secondary,1,0,0,wye-wye,1000000.0
singapore_geylang,22kV_280_4,singapore_transformer,280,280secondary,1,0,0,wye-wye,1000000.0
singapore_geylang,22kV_280_5,singapore_transformer,280,280secondary,1,0,0,wye-wye,1000000.0
singapore_geylang,22kV_280_6,singapore_transformer,280,280secondary,1,0,0,wye-wye,1000000.0
singapore_geylang,22kV_281_1,singapore_transformer,281,281secondary,1,0,0,wye-wye,1000000.0
singapore_geylang,22kV_281_2,singapore_transformer,281,281secondary,1,0,0,wye-wye,1000000.0
singapore_geylang,22kV_281_3,singapore_transformer,281,281secondary,1,0,0,wye-wye,1000000.0
singapore_geylang,22kV_281_4,singapore_transformer,281,281secondary,1,0,0,wye-wye,1000000.0
singapore_geylang,22kV_281_5,singapore_transformer,281,281secondary,1,0,0,wye-wye,1000000.0
singapore_geylang,22kV_281_6,singapore_transformer,281,281secondary,1,0,0,wye-wye,1000000.0
singapore_geylang,22kV_282_1,singapore_transformer,282,282secondary,1,0,0,wye-wye,1000000.0
singapore_geylang,22kV_283_1,singapore_transformer,283,283secondary,1,0,0,wye-wye,1000000.0
singapore_geylang,22kV_284_1,singapore_transformer,284,284secondary,1,0,0,wye-wye,1000000.0
singapore_geylang,22kV_285_1,singapore_transformer,285,285secondary,1,0,0,wye-wye,1000000.0
singapore_geylang,22kV_286_1,singapore_transformer,286,286secondary,1,0,0,wye-wye,1000000.0
singapore_geylang,22kV_287_1,singapore_transformer,287,287secondary,1,0,0,wye-wye,1000000.0
singapore_geylang,22kV_288_1,singapore_transformer,288,288secondary,1,0,0,wye-wye,1000000.0
singapore_geylang,22kV_289_1,singapore_transformer,289,289secondary,1,0,0,wye-wye,1000000.0
singapore_geylang,22kV_290_1,singapore_transformer,290,290secondary,1,0,0,wye-wye,1000000.0
singapore_geylang,22kV_291_1,singapore_transformer,291,291secondary,1,0,0,wye-wye,1000000.0
singapore_geylang,22kV_292_1,singapore_transformer,292,292secondary,1,0,0,wye-wye,1000000.0
singapore_geylang,22kV_293_1,singapore_transformer,293,293secondary,1,0,0,wye-wye,1000000.0
singapore_geylang,22kV_294_1,singapore_transformer,294,294secondary,1,0,0,wye-wye,1000000.0
singapore_geylang,22kV_295_1,singapore_transformer,295,295secondary,1,0,0,wye-wye,1000000.0
singapore_geylang,22kV_296_1,singapore_transformer,296,296secondary,1,0,0,wye-wye,1000000.0
singapore_geylang,22kV_297_1,singapore_transformer,297,297secondary,1,0,0,wye-wye,1000000.0
singapore_geylang,22kV_298_1,singapore_transformer,298,298secondary,1,0,0,wye-wye,1000000.0
singapore_geylang,22kV_299_1,singapore_transformer,299,299secondary,1,0,0,wye-wye,1000000.0
singapore_geylang,22kV_300_1,singapore_transformer,300,300secondary,1,0,0,wye-wye,1000000.0
singapore_geylang,22kV_301_1,singapore_transformer,301,301secondary,1,0,0,wye-wye,1000000.0
singapore_geylang,22kV_302_1,singapore_transformer,302,302secondary,1,0,0,wye-wye,1000000.0
singapore_geylang,22kV_303_1,singapore_transformer,303,303secondary,1,0,0,wye-wye,1000000.0
singapore_geylang,22kV_304_1,singapore_transformer,304,304secondary,1,0,0,wye-wye,1000000.0
singapore_geylang,22kV_305_1,singapore_transformer,305,305secondary,1,0,0,wye-wye,1000000.0
singapore_geylang,22kV_306_1,singapore_transformer,306,306secondary,1,0,0,wye-wye,1000000.0
singapore_geylang,22kV_307_1,singapore_transformer,307,307secondary,1,0,0,wye-wye,1000000.0
singapore_geylang,22kV_308_1,singapore_transformer,308,308secondary,1,0,0,wye-wye,1000000.0
singapore_geylang,22kV_309_1,singapore_transformer,309,309secondary,1,0,0,wye-wye,1000000.0
singapore_geylang,22kV_310_1,singapore_transformer,310,310secondary,1,0,0,wye-wye,1000000.0
singapore_geylang,22kV_311_1,singapore_transformer,311,311secondary,1,0,0,wye-wye,1000000.0
singapore_geylang,22kV_312_1,singapore_transformer,312,312secondary,1,0,0,wye-wye,1000000.0
singapore_geylang,22kV_313_1,singapore_transformer,313,313secondary,1,0,0,wye-wye,1000000.0
singapore_geylang,22kV_314_1,singapore_transformer,314,314secondary,1,0,0,wye-wye,1000000.0
singapore_geylang,22kV_315_1,singapore_transformer,315,315secondary,1,0,0,wye-wye,1000000.0
singapore_geylang,22kV_316_1,singapore_transformer,316,316secondary,1,0,0,wye-wye,1000000.0
singapore_geylang,22kV_317_1,singapore_transformer,317,317secondary,1,0,0,wye-wye,1000000.0
singapore_geylang,22kV_318_1,singapore_transformer,318,318secondary,1,0,0,wye-wye,1000000.0
singapore_geylang,22kV_319_1,singapore_transformer,319,319secondary,1,0,0,wye-wye,1000000.0
singapore_geylang,22kV_320_1,singapore_transformer,320,320secondary,1,0,0,wye-wye,1000000.0
singapore_geylang,22kV_321_1,singapore_transformer,321,321secondary,1,0,0,wye-wye,1000000.0
singapore_geylang,22kV_322_1,singapore_transformer,322,322secondary,1,0,0,wye-wye,1000000.0
singapore_geylang,22kV_322_2,singapore_transformer,322,322secondary,1,0,0,wye-wye,1000000.0
singapore_geylang,22kV_322_3,singapore_transformer,322,322secondary,1,0,0,wye-wye,1000000.0
singapore_geylang,22kV_322_4,singapore_transformer,322,322secondary,1,0,0,wye-wye,1000000.0
singapore_geylang,22kV_322_5,singapore_transformer,322,322secondary,1,0,0,wye-wye,1000000.0
singapore_geylang,22kV_322_6,singapore_transformer,322,322secondary,1,0,0,wye-wye,1000000.0
singapore_geylang,22kV_323_1,singapore_transformer,323,323secondary,1,0,0,wye-wye,1000000.0
singapore_geylang,22kV_324_1,singapore_transformer,324,324secondary,1,0,0,wye-wye,1000000.0
singapore_geylang,22kV_325_1,singapore_transformer,325,325secondary,1,0,0,wye-wye,1000000.0
singapore_geylang,22kV_326_1,singapore_transformer,326,326secondary,1,0,0,wye-wye,1000000.0
singapore_geylang,22kV_327_1,singapore_transformer,327,327secondary,1,0,0,wye-wye,1000000.0
singapore_geylang,22kV_328_1,singapore_transformer,328,328secondary,1,0,0,wye-wye,1000000.0
singapore_geylang,22kV_328_2,singapore_transformer,328,328secondary,1,0,0,wye-wye,1000000.0
singapore_geylang,22kV_328_3,singapore_transformer,328,328secondary,1,0,0,wye-wye,1000000.0
singapore_geylang,22kV_328_4,singapore_transformer,328,328secondary,1,0,0,wye-wye,1000000.0
singapore_geylang,22kV_328_5,singapore_transformer,328,328secondary,1,0,0,wye-wye,1000000.0
singapore_geylang,22kV_329_1,singapore_transformer,329,329secondary,1,0,0,wye-wye,1000000.0
singapore_geylang,22kV_329_2,singapore_transformer,329,329secondary,1,0,0,wye-wye,1000000.0
singapore_geylang,22kV_329_3,singapore_transformer,329,329secondary,1,0,0,wye-wye,1000000.0
singapore_geylang,22kV_329_4,singapore_transformer,329,329secondary,1,0,0,wye-wye,1000000.0
singapore_geylang,22kV_329_5,singapore_transformer,329,329secondary,1,0,0,wye-wye,1000000.0
singapore_geylang,22kV_330_1,singapore_transformer,330,330secondary,1,0,0,wye-wye,1000000.0
singapore_geylang,22kV_331_1,singapore_transformer,331,331secondary,1,0,0,wye-wye,1000000.0
singapore_geylang,22kV_331_2,singapore_transformer,331,331secondary,1,0,0,wye-wye,1000000.0
singapore_geylang,22kV_331_3,singapore_transformer,331,331secondary,1,0,0,wye-wye,1000000.0
singapore_geylang,22kV_332_1,singapore_transformer,332,332secondary,1,0,0,wye-wye,1000000.0
singapore_geylang,22kV_333_1,singapore_transformer,333,333secondary,1,0,0,wye-wye,1000000.0
singapore_geylang,22kV_334_1,singapore_transformer,334,334secondary,1,0,0,wye-wye,1000000.0
singapore_geylang,22kV_335_1,singapore_transformer,335,335secondary,1,0,0,wye-wye,1000000.0
singapore_geylang,22kV_336_1,singapore_transformer,336,336secondary,1,0,0,wye-wye,1000000.0
singapore_geylang,22kV_337_1,singapore_transformer,337,337secondary,1,0,0,wye-wye,1000000.0
singapore_geylang,22kV_338_1,singapore_transformer,338,338secondary,1,0,0,wye-wye,1000000.0
singapore_geylang,22kV_339_1,singapore_transformer,339,339secondary,1,0,0,wye-wye,1000000.0
singapore_geylang,22kV_340_1,singapore_transformer,340,340secondary,1,0,0,wye-wye,1000000.0
singapore_geylang,22kV_341_1,singapore_transformer,341,341secondary,1,0,0,wye-wye,1000000.0
singapore_geylang,22kV_342_1,singapore_transformer,342,342secondary,1,0,0,wye-wye,1000000.0
singapore_geylang,22kV_343_1,singapore_transformer,343,343secondary,1,0,0,wye-wye,1000000.0
singapore_geylang,22kV_343_2,singapore_transformer,343,343secondary,1,0,0,wye-wye,1000000.0
singapore_geylang,22kV_343_3,singapore_transformer,343,343secondary,1,0,0,wye-wye,1000000.0
singapore_geylang,22kV_343_4,singapore_transformer,343,343secondary,1,0,0,wye-wye,1000000.0
singapore_geylang,22kV_343_5,singapore_transformer,343,343secondary,1,0,0,wye-wye,1000000.0
singapore_geylang,22kV_344_1,singapore_transformer,344,344secondary,1,0,0,wye-wye,1000000.0
singapore_geylang,22kV_345_1,singapore_transformer,345,345secondary,1,0,0,wye-wye,1000000.0
singapore_geylang,22kV_346_1,singapore_transformer,346,346secondary,1,0,0,wye-wye,1000000.0
singapore_geylang,22kV_347_1,singapore_transformer,347,347secondary,1,0,0,wye-wye,1000000.0
singapore_geylang,22kV_348_1,singapore_transformer,348,348secondary,1,0,0,wye-wye,1000000.0
singapore_geylang,22kV_349_1,singapore_transformer,349,349secondary,1,0,0,wye-wye,1000000.0
singapore_geylang,22kV_350_1,singapore_transformer,350,350secondary,1,0,0,wye-wye,1000000.0
singapore_geylang,22kV_351_1,singapore_transformer,351,351secondary,1,0,0,wye-wye,1000000.0
singapore_geylang,22kV_352_1,singapore_transformer,352,352secondary,1,0,0,wye-wye,1000000.0
singapore_geylang,22kV_353_1,singapore_transformer,353,353secondary,1,0,0,wye-wye,1000000.0
singapore_geylang,22kV_354_1,singapore_transformer,354,354secondary,1,0,0,wye-wye,1000000.0
singapore_geylang,22kV_355_1,singapore_transformer,355,355secondary,1,0,0,wye-wye,1000000.0
singapore_geylang,22kV_355_2,singapore_transformer,355,355secondary,1,0,0,wye-wye,1000000.0
singapore_geylang,22kV_355_3,singapore_transformer,355,355secondary,1,0,0,wye-wye,1000000.0
singapore_geylang,22kV_355_4,singapore_transformer,355,355secondary,1,0,0,wye-wye,1000000.0
singapore_geylang,22kV_355_5,singapore_transformer,355,355secondary,1,0,0,wye-wye,1000000.0
singapore_geylang,22kV_356_1,singapore_transformer,356,356secondary,1,0,0,wye-wye,1000000.0
singapore_geylang,22kV_356_2,singapore_transformer,356,356secondary,1,0,0,wye-wye,1000000.0
singapore_geylang,22kV_356_3,singapore_transformer,356,356secondary,1,0,0,wye-wye,1000000.0
singapore_geylang,22kV_356_4,singapore_transformer,356,356secondary,1,0,0,wye-wye,1000000.0
singapore_geylang,22kV_356_5,singapore_transformer,356,356secondary,1,0,0,wye-wye,1000000.0
singapore_geylang,22kV_356_6,singapore_transformer,356,356secondary,1,0,0,wye-wye,1000000.0
singapore_geylang,22kV_357_1,singapore_transformer,357,357secondary,1,0,0,wye-wye,1000000.0
singapore_geylang,22kV_358_1,singapore_transformer,358,358secondary,1,0,0,wye-wye,1000000.0
singapore_geylang,22kV_359_1,singapore_transformer,359,359secondary,1,0,0,wye-wye,1000000.0
singapore_geylang,22kV_360_1,singapore_transformer,360,360secondary,1,0,0,wye-wye,1000000.0
singapore_geylang,22kV_361_1,singapore_transformer,361,361secondary,1,0,0,wye-wye,1000000.0
singapore_geylang,22kV_362_1,singapore_transformer,362,362secondary,1,0,0,wye-wye,1000000.0
singapore_geylang,22kV_363_1,singapore_transformer,363,363secondary,1,0,0,wye-wye,1000000.0
singapore_geylang,22kV_364_1,singapore_transformer,364,364secondary,1,0,0,wye-wye,1000000.0
singapore_geylang,22kV_365_1,singapore_transformer,365,365secondary,1,0,0,wye-wye,1000000.0
singapore_geylang,22kV_366_1,singapore_transformer,366,366secondary,1,0,0,wye-wye,1000000.0
singapore_geylang,22kV_367_1,singapore_transformer,367,367secondary,1,0,0,wye-wye,1000000.0
singapore_geylang,22kV_368_1,singapore_transformer,368,368secondary,1,0,0,wye-wye,1000000.0
singapore_geylang,22kV_369_1,singapore_transformer,369,369secondary,1,0,0,wye-wye,1000000.0
singapore_geylang,22kV_370_1,singapore_transformer,370,370secondary,1,0,0,wye-wye,1000000.0
singapore_geylang,22kV_371_1,singapore_transformer,371,371secondary,1,0,0,wye-wye,1000000.0
singapore_geylang,22kV_372_1,singapore_transformer,372,372secondary,1,0,0,wye-wye,1000000.0
singapore_geylang,22kV_373_1,singapore_transformer,373,373secondary,1,0,0,wye-wye,1000000.0
singapore_geylang,22kV_374_1,singapore_transformer,374,374secondary,1,0,0,wye-wye,1000000.0
singapore_geylang,22kV_375_1,singapore_transformer,375,375secondary,1,0,0,wye-wye,1000000.0
singapore_geylang,22kV_376_1,singapore_transformer,376,376secondary,1,0,0,wye-wye,1000000.0
singapore_geylang,22kV_377_1,singapore_transformer,377,377secondary,1,0,0,wye-wye,1000000.0
singapore_geylang,22kV_378_1,singapore_transformer,378,378secondary,1,0,0,wye-wye,1000000.0
singapore_geylang,22kV_379_1,singapore_transformer,379,379secondary,1,0,0,wye-wye,1000000.0
singapore_geylang,22kV_380_1,singapore_transformer,380,380secondary,1,0,0,wye-wye,1000000.0
singapore_geylang,22kV_381_1,singapore_transformer,381,381secondary,1,0,0,wye-wye,1000000.0
singapore_geylang,22kV_382_1,singapore_transformer,382,382secondary,1,0,0,wye-wye,1000000.0
singapore_geylang,22kV_383_1,singapore_transformer,383,383secondary,1,0,0,wye-wye,1000000.0
singapore_geylang,22kV_384_1,singapore_transformer,384,384secondary,1,0,0,wye-wye,1000000.0
singapore_geylang,22kV_385_1,singapore_transformer,385,385secondary,1,0,0,wye-wye,1000000.0
singapore_geylang,22kV_386_1,singapore_transformer,386,386secondary,1,0,0,wye-wye,1000000.0
singapore_geylang,22kV_387_1,singapore_transformer,387,387secondary,1,0,0,wye-wye,1000000.0
singapore_geylang,22kV_388_1,singapore_transformer,388,388secondary,1,0,0,wye-wye,1000000.0
singapore_geylang,22kV_389_1,singapore_transformer,389,389secondary,1,0,0,wye-wye,1000000.0
singapore_geylang,22kV_390_1,singapore_transformer,390,390secondary,1,0,0,wye-wye,1000000.0
singapore_geylang,22kV_391_1,singapore_transformer,391,391secondary,1,0,0,wye-wye,1000000.0
